{
  "reset": "Restore",
  "layout": "col-2cl",
  "main_full_width": "no",
  "favicon": "1011",
  "google_rich_snippets": true,
  "enable_back_top": true,
  "enable_page_loader": true,
  "logo": "71",
  "logo_2x": "72",
  "logo_transparency": "69",
  "logo_transparency_2x": "70",
  "logo_mobile": "71",
  "logo_mobile_2x": "72",
  "body_background": {
    "image": "",
    "repeat": "",
    "position": "",
    "attachment": "",
    "size": "",
    "color": ""
  },
  "body_font_size": "14",
  "text_color": "#727883",
  "heading_color": "#000",
  "primary_color": "#ce1a2b",
  "secondary_color": "#000",
  "third_color": "#727883",
  "border_color": "#dddddd",
  "font_source": "1",
  "main_font": {
    "family": "Raleway",
    "font": "google"
  },
  "secondary_font": {
    "family": "Questrial",
    "font": "google"
  },
  "highlight_font": {
    "family": "Questrial",
    "font": "google"
  },
  "font_google_code": "",
  "main_google_font_face": "",
  "secondary_google_font_face": "",
  "highlight_google_font_face": "",
  "font_typekit_kit_id": "",
  "main_typekit_font_face": "",
  "secondary_typekit_font_face": "",
  "highlight_typekit_font_face": "",
  "mm_dropdown_bg": "#fff",
  "mm_dropdown_link_color": "#696c75",
  "mm_dropdown_link_bg": "rgba(0,0,0,0)",
  "mm_dropdown_link_hover_color": "#1c1d1f",
  "mm_dropdown_link_hover_bg": "rgba(0,0,0,0)",
  "mm_wide_dropdown_bg": "#fff",
  "mm_wide_dropdown_heading_color": "#1c1d1f",
  "mm_wide_dropdown_link_color": "#696c75",
  "mm_wide_dropdown_link_bg": "rgba(0,0,0,0)",
  "mm_wide_dropdown_link_hover_color": "#1c1d1f",
  "mm_wide_dropdown_link_hover_bg": "rgba(0,0,0,0)",
  "mb_background": "#111",
  "mb_lv_1_color": "#fff",
  "mb_lv_1_bg_color": "rgba(0,0,0,0)",
  "mb_lv_1_hover_color": "#ce1a2b",
  "mb_lv_1_hover_bg_color": "rgba(0,0,0,0)",
  "mb_lv_2_color": "#ce1a2b",
  "mb_lv_2_bg_color": "rgba(0,0,0,0)",
  "mb_lv_2_hover_color": "#ce1a2b",
  "mb_lv_2_hover_bg_color": "rgba(0,0,0,0)",
  "header_layout": "2",
  "header_full_width": "no",
  "header_transparency": "no",
  "header_show_cart": true,
  "header_show_search": true,
  "header_show_social": true,
  "store_address": "info@yoursite.com",
  "store_phone": "(+99) 052 128 2399",
  "store_email": "869 General Village Apt. 645, Moorebury",
  "header_background": {
    "color": "#fff"
  },
  "header_text_color": "#2b2c30",
  "header_link_color": "#2b2c30",
  "header_link_hover_color": "#ce1a2b",
  "mm_lv_1_color": "#2b2c30",
  "mm_lv_1_bg_color": "rgba(0, 0, 0, 0)",
  "mm_lv_1_hover_color": "#ce1a2b",
  "mm_lv_1_hover_bg_color": "rgba(0, 0, 0, 0)",
  "mm_lv_1_active_color": "#ce1a2b",
  "mm_lv_1_active_bg_color": "rgba(0, 0, 0, 0)",
  "header_transparency_background": {
    "color": "transparent"
  },
  "header_transparency_text_color": "#2b2c30",
  "header_transparency_link_color": "#2b2c30",
  "header_transparency_link_hover_color": "#ce1a2b",
  "header_transparency_mm_lv_1_color": "#2b2c30",
  "header_transparency_mm_lv_1_bg_color": "rgba(0, 0, 0, 0)",
  "header_transparency_mm_lv_1_hover_color": "#ce1a2b",
  "header_transparency_mm_lv_1_hover_bg_color": "rgba(0, 0, 0, 0)",
  "header_transparency_mm_lv_1_active_color": "#ce1a2b",
  "header_transparency_mm_lv_1_active_bg_color": "rgba(0, 0, 0, 0)",
  "page_header_layout": "1",
  "show_page_title": "no",
  "show_breadcrumbs": "yes",
  "page_header_background": {
    "image": "",
    "repeat": "",
    "position": "",
    "attachment": "",
    "size": "",
    "color": "rgba(255,255,255,0)"
  },
  "page_header_spacing": {
    "top": "70",
    "bottom": "70"
  },
  "page_header_spacing_tablet": {
    "top": "70",
    "bottom": "70"
  },
  "page_header_spacing_mobile": {
    "top": "40",
    "bottom": "40"
  },
  "page_header_title_color": "#000",
  "page_header_text_color": "#bdbfc3",
  "page_header_link_color": "#bdbfc3",
  "page_header_link_hover_color": "#ce1a2b",
  "footer_layout": "1",
  "footer_full_width": "no",
  "footer_copyright_text": "<div class=\"row\">\r\n    <div class=\"col-xs-12 col-sm-6\"><img src=\"http:\/\/oasis.la-studioweb.com\/wp-content\/themes\/oasis\/assets\/images\/footer-gateway.png\" alt=\"\"\/><\/div>\r\n    <div class=\"col-xs-12 col-sm-6 text-right\">Copyright 2016 Oasis. All Rights Reserved. Design By LA Studio.<\/div>\r\n<\/div>",
  "footer_background": {
    "image": "",
    "repeat": "",
    "position": "",
    "attachment": "",
    "size": "",
    "color": "#ffffff"
  },
  "footer_text_color": "#2b2c30",
  "footer_heading_color": "#2b2c30",
  "footer_link_color": "#2b2c30",
  "footer_link_hover_color": "#ce1a2b",
  "blog_layout": "col-1c",
  "blog_style": "grid-3col",
  "blog_show_postformat": "no",
  "blog_excerpt_length": "6",
  "single_post_layout": "col-2cl",
  "single_post_show_share_link": true,
  "single_post_show_author_info": true,
  "single_post_show_comment": true,
  "shop_layout": "col-2cl",
  "catalog_display_type": "grid",
  "column_per_row": {
    "xlg": "3",
    "lg": "3",
    "md": "2",
    "sm": "2",
    "xs": "1"
  },
  "product_per_page_grid": "9,15,30",
  "product_per_page_default_grid": "9",
  "show_rating_on_catalog_page": true,
  "show_alt_image_catalog_page": true,
  "show_quick_view_btn": true,
  "show_wishlist_btn": true,
  "product_single_style": "1",
  "enable_product_sharing": true,
  "show_related_product": true,
  "related_product_columns": "4",
  "show_upsell_product": true,
  "upsell_product_columns": "4",
  "product_custom_tab_title": "Custom tab title",
  "product_custom_tab_content": "Custom tab content",
  "show_product_thumbnails": true,
  "enable_product_image_zoom": true,
  "enable_product_image_popup": true,
  "product_image_zoom_type": "inner",
  "show_cross_sells": true,
  "cross_sells_columns": {
    "xlg": "3",
    "lg": "3",
    "md": "2",
    "sm": "2",
    "xs": "1"
  },
  "portfolio_page_header_background": {
    "image": "",
    "repeat": "",
    "position": "",
    "attachment": "",
    "size": "",
    "color": ""
  },
  "portfolio_layout": "col-1c",
  "portfolio_main_full_width": "inherit",
  "portfolio_style": "grid",
  "portfolio_columns": {
    "xlg": "3",
    "lg": "3",
    "md": "2",
    "sm": "2",
    "xs": "1"
  },
  "portfolio_thumbnail_size": "medium",
  "single_portfolio_layout": "col-1c",
  "single_portfolio_style": "default",
  "facebook_share": true,
  "twitter_share": true,
  "linkedin_share": true,
  "email_share": true,
  "pinterest_share": true,
  "google_plus_share": true,
  "404_layout": "col-1c",
  "404_page_content": "",
  "facebook_url": "#",
  "twitter_url": "#",
  "pinterest_url": "#",
  "linkedin_url": "",
  "google_plus_url": "",
  "rss_url": "",
  "tumblr_url": "",
  "instagram_url": "",
  "youtube_url": "",
  "vimeo_url": "",
  "behance_url": "",
  "dribble_url": "",
  "flickr_url": "",
  "git_url": "",
  "skype_url": "",
  "foursquare_url": "",
  "soundcloud_url": "",
  "custom_css": "",
  "header_js": "",
  "footer_js": "",
  "import": "",
  "show_custom_tab": false,
  "enable_catalog_mode": false
}