{
  "shop_layout": "col-1c",
  "column_per_row": {
    "xlg" : 3,
    "lg" : 3,
    "md" : 3,
    "sm" : 2,
    "xs" : 1
  },
  "footer_js": "(function($) {\r\n \"use strict\";\r\n \r\n\t$(\".page-content .products-grid.grid-items .product-item\").each(function(idx){\r\n if(idx == 0 || idx == 7 || idx == 10){\r\n $(this).addClass(\"width2x\");\r\n }\r\n });\r\n $(\".page-content .products-grid.grid-items\").isotope({\r\n itemSelector : \".product-item\",\r\n layoutMode: \"packery\"\r\n });\r\n \r\n})(jQuery);",
  "custom_css": ".site-header-inner {border-bottom: 1px solid #e5e7eb;}.widget_product_categories ul.product-categories ul {display: none;}.widget_product_categories > ul > li{margin-bottom:0}.products-grid.grid-items .grid-item{width: 25%}.products-grid.grid-items .grid-item.width2x{width: 50%}.page-content .products-grid.grid-items .product-item .item-inner{margin-bottom: 40px}\r\n.page-content .products-grid.grid-items .product-item.width2x .item-inner{ margin-bottom: 90px}\r\n.page-content .products-grid.grid-items .product-item .item-inner:hover:before{ bottom: -20px }\r\n.page-content .products-grid.grid-items .product-item.width2x .item-inner:hover:before{ bottom: -50px }"
}